title,video_id,view_count,like_count,comment_count,published_at,channel_title,description,duration,category,url,thumbnail_url
ğŸ†CHAMPIONğŸ†TYLER'S BEST FRIENDğŸ†SHORT STREAM BEFORE PSLğŸ†,pbGpNlPByCM,100171,1276,19,2025-05-10T04:18:44Z,Ludwig,"JOIN THE CHAT â–º https://www.twitch.tv/popout/ludwig/chat

PURCHASE RIVALS OF AETHER II â–º https://obp.gg/rivals_2

DONATE FOR TTS HERE (PLEASE READ THE TOP OF THE PAGE PLEASE) â–º https://streamlabs.com/ludwig/p/home
AI TTS GUIDE (ONLY WORKS WITH ABOVE LINK) â–º https://tts.monster/ludwig

Want to stream like me? Check out Streamlabs here â–º https://streamlabs.com/dashboard#/affiliates?s=91

WATCH ME LIVE â–º https://www.twitch.tv/ludwig
follow me on twitter â–º https://www.twitter.com/ludwigahgren
follow me on tiktok â–º https://www.tiktok.com/@ludwig
follow me on instagram â–º https://www.instagram.com/ludwigahgren
join my subreddit â–º https://old.reddit.com/r/LudwigAhgren/
join my discord â–º https://discord.gg/ludwig
LINK TO EVERYTHING â–º https://wlo.link/@ludwig

#ludwig #live #stream",3:44:57,Gaming,https://www.youtube.com/watch?v=pbGpNlPByCM,https://i.ytimg.com/vi/pbGpNlPByCM/hqdefault.jpg
055: Full Video ToÃ n Cáº£nh M16 Tuáº¥n Má»¹ Bá»‹ Bá»¥p GÃ£y RÄƒng Láº§n 2..Lá»™ BÃ­ Máº·t Káº» KÃ­ch Äá»™ng á»¦ng Há»™ Tuáº¥n MÃµm,-goFJtXscNs,101563,11334,3057,2025-05-10T03:38:59Z,HoÃ ng SÃ¡u TV,"#HoÃ ngSÃ¡uTV#HoÃ ngSÃ¡u#hoangsautv
LiÃªn há»‡ HoÃ ng SÃ¡u TV : 0977.988.226
TÃªn chá»§ TK : HoÃ ng VÄƒn SÃ¡u 
Sá»‘ tÃ i khoáº£n : 6666.788.6666
NghÃ¢n HÃ ng :Mb Bank 
-KÃªnh Youtube HoÃ ng SÃ¡u TV LÃ  KÃªnh Vlogs Vá» cuá»™c sá»‘ng, Tin Tá»©c má»—i ngÃ y, cÃ¡c hoáº¡t Ä‘á»™ng vá» VÄƒn hÃ³a, áº¨m thá»±c vÃ  Lá»… Há»™i.
SÄ‘t Zalo : 0977.988.226
Viber : 0977.988.226
 Sá»‘ tk : 6666.788.6666
Chá»§ tk: HoÃ ng VÄƒn SÃ¡u 
NgÃ¢n HÃ ng :QuÃ¢n Äá»™i MB Bank.
Dear friends, you can send money to me through your Paypal account. I love you guys
- paypal.me/sauvlog

Hay liÃªn há»‡ trá»±c tiáº¿p vá»›i HoÃ ng SÃ¡u TV Qua sÄ‘t Zalo : 
â˜ 0977.988.226 - â˜ 039.66.79.116
- Má»i thÃ´ng tin khÃ¡c cáº§n trao Ä‘á»•i liÃªn há»‡ qua Email : 
Email : anhsau93@gmail.com",0:23:50,News & Politics,https://www.youtube.com/watch?v=-goFJtXscNs,https://i.ytimg.com/vi/-goFJtXscNs/hqdefault.jpg
"Trung Æ°Æ¡ng 'Chá»‘t' 34 BÃ­ thÆ° tá»‰nh thÃ nh má»›i Nguyá»…n Thanh Nghá»‹, Nguyá»…n Duy Ngá»c sáº½ vÃ o Tá»© trá»¥?",5LgswJvq3PA,139376,441,44,2025-05-10T00:00:11Z,NgÆ°á»i ÄÆ°a Tin,"ThÆ°á»£ng tÆ°á»›ng Nguyá»…n Duy Ngá»c â€“ ngÆ°á»i Ä‘Æ°á»£c cho lÃ  Ä‘ang má»Ÿ cÃ¡nh cá»­a tiáº¿n vÃ o Tá»© trá»¥; Nguyá»…n Thanh Nghá»‹ â€“ Ä‘áº¡i diá»‡n cho sá»± trá»Ÿ láº¡i cá»§a má»™t tháº¿ há»‡ miá»n Nam; vÃ  Thiáº¿u tÆ°á»›ng VÅ© Há»“ng VÄƒn â€“ má»™t cÃ¡n bá»™ an ninh bÆ°á»›c vÃ o chÃ­nh trÆ°á»ng. Tá»« Ä‘iá»u Ä‘á»™ng nhÃ¢n sá»± Ä‘áº¿n sÃ¡p nháº­p tá»‰nh thÃ nh, táº¥t cáº£ Ä‘á»u Ä‘ang cÃ¹ng ká»ƒ chung má»™t cÃ¢u chuyá»‡n: Viá»‡t Nam Ä‘ang bÆ°á»›c vÃ o thá»i ká»³ tÃ¡i Ä‘á»‹nh hÃ¬nh há»‡ thá»‘ng quyá»n lá»±c tá»« gá»‘c.

_________________________________________
ğŸ”” Cáº£m Æ¡n vÃ¬ Ä‘Ã£ chá»n xem NgÆ°á»i ÄÆ°a Tin, vÃ  cÃ¡c báº¡n Ä‘á»«ng quÃªn Ä‘Äƒng kÃ½ kÃªnh Ä‘á»ƒ khÃ´ng bá» lá»¡ nhá»¯ng cÃ¢u chuyá»‡n thÃº vá»‹ má»—i ngÃ y.
NgÆ°á»i ÄÆ°a Tin Ä‘Æ°a tin ká»‹p thá»i, Ä‘áº§y Ä‘á»§ vÃ  tin cáº­y vá» cÃ¡c sá»± kiá»‡n xáº£y ra táº¡i Viá»‡t Nam vÃ  trÃªn tháº¿ giá»›i, cÅ©ng nhÆ° cÃ¡c váº¥n Ä‘á» áº£nh hÆ°á»Ÿng Ä‘áº¿n cuá»™c sá»‘ng hÃ ng ngÃ y cá»§a chÃºng ta.
ChÃºng tÃ´i lÃ m viá»‡c cÃ¹ng nhau vÃ  ná»— lá»±c háº¿t mÃ¬nh Ä‘á»ƒ mang Ä‘áº¿n cho quÃ½ vá»‹ vÃ  cÃ¡c báº¡n nhá»¯ng tin tá»©c háº¥p dáº«n nháº¥t. Táº¥t cáº£ Ä‘á»u Ä‘Æ°á»£c hÆ°á»›ng dáº«n bá»Ÿi nguyÃªn táº¯c â€œSá»± tháº­t vÃ  CÃ¢n báº±ngâ€. 
Link kÃªnh: https://www.youtube.com/@nguoiduatinplus  
_________________________________________
THÃ”NG TIN LIÃŠN Há»†
Má»i tháº¯c máº¯c vá» báº£n quyá»n, tÃ i trá»£, quáº£ng cÃ¡o, cá»™ng tÃ¡c xin vui lÃ²ng liÃªn há»‡
âœ” Äá»‹a chá»‰: ThÃ nh phá»‘ Há»“ ChÃ­ Minh - Viá»‡t Nam
âœ” Email: lecannewsvan@gmail.com",11:55:01,News & Politics,https://www.youtube.com/watch?v=5LgswJvq3PA,https://i.ytimg.com/vi/5LgswJvq3PA/hqdefault.jpg
á»I Zá»’I Ã”YY MY BOY DEV NGUYEN KHÃ”NG THá»† Cáº N FÃ,1BW1GwEN9K4,173372,4395,13,2025-05-09T15:54:57Z,Dev Nguyen,"Lá»‹ch live: SUá»T NGÃ€Y LUÃ”NNN
Sponsored by SkinClub cá»©u bÃ© bá»¯a cÆ¡m: https://l.skin.club/devnguyen 

â–ºSocials
Fanpage: https://www.facebook.com/devzxje/
Instagram: https://www.instagram.com/dev.nguyen/

â–ºGroup: https://tinyurl.com/yb42q9w9

â–ºDonate
https://streamlabs.com/devnguyen/
https://playerduo.net/devnguyenx
https://wescan.vn/devnguyen (WESCAN +MOMO)
Steam offer link:https://tinyurl.com/yx3hcqfk
Bank: 0451000492724 NGUYEN MINH HOANG Vietcombank

0:00 - 4:20 Intro
4:20 - 1:26:08 Talkshow + LÆ°á»›t FB
1:26:08 - 2:53:30 GTA V Chanh City
2:53:30 - 3:38:48 NÃ³i chuyá»‡n chill chill, tÃ¢m sá»± cÃ¹ng em Ly xomlieugirl

â–º Má»i váº¥n Ä‘á» báº£n quyá»n xin liÃªn há»‡ email áº¡ Ä‘á»«ng Ä‘Ã¡nh gáº­y em em pÃ¹n : dvgnguyenx@gmail.com / All copyrights issues, please contact: dvgnguyenx@gmail.com
#dev #devnguyen
ChÃºc cÃ¡c báº¡n xem stream vui váº» :*
xo",3:38:49,Entertainment,https://www.youtube.com/watch?v=1BW1GwEN9K4,https://i.ytimg.com/vi/1BW1GwEN9K4/hqdefault.jpg
New Skill Unlocked âœ…  #fcmobile #fc25 #fcmobile25,2R5kOIE4EK0,102630,4931,83,2025-05-09T13:05:36Z,RkReddy,,0:00:15,Gaming,https://www.youtube.com/watch?v=2R5kOIE4EK0,https://i.ytimg.com/vi/2R5kOIE4EK0/hqdefault.jpg
"Báº£n tin 30s NÃ³ng: Äiá»u tra vá»¥ Ä‘áº­p phÃ¡ trá»¥ ATM; Báº¯t LÃª Viá»‡t HÃ¹ng, ngÆ°á»i thÆ°á»ng Ä‘Äƒng clip vá» CSGT",UoDNnP0JD2I,114422,622,0,2025-05-09T12:58:57Z,BÃ¡o Tuá»•i Tráº»,"Báº£n tin 30s NÃ³ng 9-5: Äiá»u tra ngÆ°á»i Ä‘Ã n Ã´ng Ä‘áº­p phÃ¡ nhiá»u trá»¥ ATM á»Ÿ Äáº¯k Láº¯k; LÃª Viá»‡t HÃ¹ng, ngÆ°á»i thÆ°á»ng Ä‘Äƒng cÃ¡c clip vá» cáº£nh sÃ¡t giao thÃ´ng trÃªn máº¡ng xÃ£ há»™i, bá»‹ báº¯t táº¡m giam Ä‘á»ƒ Ä‘iá»u tra liÃªn quan Ä‘áº¿n tá»™i cÆ°á»¡ng Ä‘oáº¡t tÃ i sáº£n; Duyá»‡t binh á»Ÿ Nga.

#30s_nÃ³ng 

- Tin tá»©c nhanh: https://tuoitre.vn
- Video nÃ³ng xem táº¡i: https://video.tuoitre.vn
- Tin thá»i sá»±: https://tuoitre.vn/phap-luat
- Tin tá»©c tháº¿ giá»›i xem: https://tuoitre.vn/the-gioi

KÃªnh thÃ´ng tin chÃ­nh thá»©c vÃ  duy nháº¥t cá»§a #BÃ¡o_Tuá»•i_Tráº» trÃªn YouTube.
 
Tin tá»©c nhanh nháº¥t, má»›i nháº¥t, nÃ³ng nháº¥t Ä‘ang diá»…n ra á»Ÿ Viá»‡t Nam vÃ  tháº¿ giá»›i vá»: thá»i sá»±, kinh táº¿, chÃ­nh trá»‹, xÃ£ há»™i, giÃ¡o dá»¥c, thá»ƒ thao, vÄƒn hÃ³a, giáº£i trÃ­, cÃ´ng nghá»‡, nhá»‹p sá»‘ng sá»‘, phÃ¡p luáº­t, du lá»‹ch...

#TuoiTre #BaoTuoiTre #TinNong #Thá»i_Sá»± #ThoiSu #Tuá»•i_Tráº» 
-----------
ÄÄƒng kÃ½ kÃªnh xem thÃªm nhiá»u chuyÃªn má»¥c háº¥p dáº«n khÃ¡c:
https://bit.ly/3k1RCAR
Facebook: 
- https://facebook.com/baotuoitre
- https://facebook.com/Truyenhinh.BaoTuoiTre
Báº£n quyá»n ná»™i dung thuá»™c vá» bÃ¡o Tuá»•i Tráº».
--------------------
TÃ’A SOáº N BÃO TUá»”I TRáºº
- Äá»‹a chá»‰: Sá»‘ 60A, HoÃ ng VÄƒn Thá»¥, PhÆ°á»ng.9, Quáº­n PhÃº Nhuáº­n, ThÃ nh phá»‘ Há»“ ChÃ­ Minh, Viá»‡t Nam
- Äiá»‡n thoáº¡i: (84.8) 3.997.3838
- Website: http://tuoitre.vn
- Email: tto@tuoitre.com.vn
- ÄÆ°á»ng dÃ¢y nÃ³ng: 0918.033.133 - (84.8) 39.971.010",0:14:10,News & Politics,https://www.youtube.com/watch?v=UoDNnP0JD2I,https://i.ytimg.com/vi/UoDNnP0JD2I/hqdefault.jpg
Ä‚n Máº·c ÄÃ ng HoÃ ng #videogiaitri #vochongson #nguyenhuyvlog,a1Uhjnehhk4,138190,1491,52,2025-05-09T12:55:09Z,Nguyá»…n Huy Vlog,"Ä‚n Máº·c ÄÃ ng HoÃ ng

Cáº£m Æ¡n cÃ¡c báº¡n Ä‘Ã£ xem video,ÄÄ‚NG KÃ KÃŠNH Ä‘á»ƒ theo dÃµi nhá»¯ng video má»›i nháº¥t nhÃ©!

FANPAGE cá»§a Vá»£ Chá»“ng Em: https://www.facebook.com/nguyenhuyhaihuoc/videos/?ref=page_internal

Tiktok: https://www.tiktok.com/@nguyenhuyhaihuoc

LiÃªn há»‡ qua gmail: nguyenhuy962302@gmail.com",0:00:46,Entertainment,https://www.youtube.com/watch?v=a1Uhjnehhk4,https://i.ytimg.com/vi/a1Uhjnehhk4/hqdefault.jpg
Tu Tien shocked as Jack reveals fatherâ€™s dark secret â€” police hunt mastermind,dgzIgLer_PY,195185,4670,838,2025-05-09T12:30:07Z,LÃ½ Tá»­ TiÃªn,"Tu Tien shocked as Jack reveals fatherâ€™s dark secret â€” police hunt mastermind

This is a sad story for me. I used to be happy, I used to believe that I had a family like everyone else. But then the harsh reality shocked me. I donâ€™t know how I will face it, but my heart still keeps hoping â€” that one day, I will see my parents again, whoever they are, whatever they are. May God bless us all.
â€”â€”â€”â€”â€”â€”â€”â€”â€”â€”â€”

#Jack
#jack
#lytutien
#lyphucan
#lytutieu
#kindman
#lythica
#lytieuca
#lytulinda
#kindCEO
#kindceo
#kindengineer
#singlemom
#singlemother
#farm
#lifesingle",1:18:57,People & Blogs,https://www.youtube.com/watch?v=dgzIgLer_PY,https://i.ytimg.com/vi/dgzIgLer_PY/hqdefault.jpg
PHONG Cáº¬N VLOG NHáº¬T Báº¢N #1: NGÃ€Y Äáº¦U TIÃŠN Cá»¦A SKSP Táº I UNIVERSAL STUDIO,eBTwRLBbUFQ,116396,1975,122,2025-05-09T12:15:07Z,Phong Cáº­n Tv,"PHONG Cáº¬N VLOG NHáº¬T Báº¢N #1: NGÃ€Y Äáº¦U TIÃŠN Cá»¦A SKSP Táº I UNIVERSAL STUDIO
â–¬â–¬â–¬â–¬â–¬â–¬â–¬â–¬â–¬â–¬â–¬â–¬â–¬â–¬â–¬â–¬â–¬â–¬â–¬â–¬â–¬â–¬â–¬â–¬â–¬â–¬
Theo dÃµi máº¡ng xÃ£ há»™i cá»§a PHONG Cáº¬N TV
ğŸ”· Chá»§ Tá»‹ch Há»“ CÃ¡ Con Phong Cáº­n: https://www.facebook.com/groups/phongcantv
ğŸ”· Há»“ CÃ¡ Con: https://www.facebook.com/groups/863915484086247
ğŸ”· Facebook Fanpage: https://www.facebook.com/phongcantvgaming
ğŸ”· Facebook cÃ¡ nhÃ¢n: https://www.facebook.com/phongcantv4321
ğŸ”· Instagram : https://www.instagram.com/phongcantv/
â–¬â–¬â–¬â–¬â–¬â–¬â–¬â–¬â–¬â–¬â–¬â–¬â–¬â–¬â–¬â–¬â–¬â–¬â–¬â–¬â–¬â–¬â–¬â–¬â–¬â–¬
ğŸ‘‰ ÄÄƒng kÃ½ cÃ¡c kÃªnh PHONG Cáº¬N: 
PHONG Cáº¬N TV: https://www.youtube.com/channel/UCwHsswGDpVWHPAC-ssScIwQ
PHONG Cáº¬N NÃˆ: https://www.youtube.com/channel/UCCcP2H1KN06f3LDCiySVDAQ
PHONG Cáº¬N GAMING: https://www.youtube.com/channel/UCJX3xrLxTKp0klpXH5fmHdw
HR PHONG Cáº¬N: https://www.youtube.com/channel/UC65PyOL39GLtvssxRHdBgaA
PHONG Cáº¬N SHORT: https://www.youtube.com/channel/UCljbP8S4dv-RqtbKi-IYqDQ
PHONG Cáº¬N BMG: https://www.youtube.com/channel/UCWyIKkjJ5uakY5lSNhN0EDQ
â–¬â–¬â–¬â–¬â–¬â–¬â–¬â–¬â–¬â–¬â–¬â–¬â–¬â–¬â–¬â–¬â–¬â–¬â–¬â–¬
LIÃŠN Há»† QUáº¢NG CÃO : phongcancontacts@gmail.com
â–¬â–¬â–¬â–¬â–¬â–¬â–¬â–¬â–¬â–¬â–¬â–¬â–¬â–¬â–¬â–¬â–¬â–¬â–¬â–¬â–¬â–¬â–¬â–¬â–¬â–¬
Nháº¡c sá»­ dá»¥ng trong video Ä‘Æ°á»£c cáº¥p phÃ©p bá»Ÿi
- Kevin Macleod: https://www.youtube.com/user/kmmusic
- NCS: https://www.youtube.com/user/NoCopyrightSounds
__________________________________________________________________
#phongcantv 
#phongcan 
#vlog",0:24:39,Entertainment,https://www.youtube.com/watch?v=eBTwRLBbUFQ,https://i.ytimg.com/vi/eBTwRLBbUFQ/hqdefault.jpg
HÃ¬nh pháº¡t cho káº» thÃ¢u Ä‘Ãªm xem tiktok...,jLjhDwZyTvc,147297,5999,177,2025-05-09T12:07:25Z,ACN,,0:08:20,Entertainment,https://www.youtube.com/watch?v=jLjhDwZyTvc,https://i.ytimg.com/vi/jLjhDwZyTvc/hqdefault.jpg
Dá»± bÃ¡o thá»i tiáº¿t hÃ´m nay vÃ  ngÃ y mai 10/5 | Dá»± bÃ¡o thá»i tiáº¿t Ä‘Ãªm nay má»›i nháº¥t | BÃ¡o NhÃ¢n DÃ¢n,KtNFj2uAz9Y,168980,742,0,2025-05-09T12:04:26Z,BÃ¡o NhÃ¢n DÃ¢n,"Miá»n Báº¯c vÃ  miá»n Trung cÃ³ mÆ°a vá»«a, mÆ°a to do áº£nh hÆ°á»Ÿng cá»§a khÃ´ng khÃ­ láº¡nh. Khu vá»±c TÃ¢y NguyÃªn vÃ  Nam Bá»™ mÆ°a dÃ´ng gia tÄƒng lÃªn diá»‡n ráº£i rÃ¡c.
Website: https://nhandan.vn
Xem Tin Tá»©c háº¥p dáº«n, Tá»•ng Há»£p Video Má»›i nháº¥t vá» #thoisu #thoitiet - Tin Tháº¿ Giá»›i má»›i nháº¥t Ä‘Ã£ vÃ  Ä‘ang diá»…n ra. KÃªnh Tin BÃ¡o NhÃ¢n DÃ¢n sáº½ cáº­p nháº­t Ä‘áº¿n cÃ¡c báº¡n cÃ¡c thÃ´ng tin Ä‘áº§y Ä‘á»§ nháº¥t táº¡i Ä‘Ã¢y. Má»i báº¡n Ä‘Ã³n xem nhÃ© !",0:04:45,News & Politics,https://www.youtube.com/watch?v=KtNFj2uAz9Y,https://i.ytimg.com/vi/KtNFj2uAz9Y/hqdefault.jpg
Ã”. Putin LÃ m Äiá»u KhÃ´ng TÆ°á»Ÿng Vá»›i Äá»™i Diá»…u Binh VN Khiáº¿n Tháº¿ Giá»›i Rung Chuyá»ƒn Sá»± Tháº­t Triá»‡u NgÆ°á»iSá»‘c,bdYa77XnKj8,181739,1921,142,2025-05-09T12:01:46Z,Bá» GIÃ€ TV,"Lá»… Duyá»‡t Binh cá»§a NGA Ä‘ang khiáº¿n tháº¿ giá»›i tráº§m trá»“, Ä‘áº·c biá»‡t á»Ÿ Ä‘Ã³ lÃ  Ä‘á»™i Diá»…u Binh cá»§a Viá»‡t Nam...
Bá»‘ GiÃ  Tv...PhÃ¢n TÃ­ch ChuyÃªn SÃ¢u Má»i BÃ­ Máº­t!
Cáº­p Nháº­t Nhanh Nháº¥t, ChÃ­nh XÃ¡c Nháº¥t Tá»«ng PhÃºt

Má»i cÃ¡c báº¡n cÃ¹ng theo dÃµi nhá»¯ng bá»™ truyá»‡n trÃªn kÃªnh.
Giá»ng Ä‘á»c/ MC: Tuyáº¿t Mai / PhÆ°Æ¡ng Anh
â– Nhanh Nháº¥t ChÃ­nh XÃ¡c Nháº¥t 
â– Äá»™i NgÅ© PhÃ³ng ViÃªn ChuyÃªn Nghiá»‡p, Nhiá»u NÄƒm Kinh Nghiá»‡m
â– CÃ¡c báº¡n Subscribe - ÄÄƒng kÃ½ kÃªnh Ä‘á»ƒ Ä‘Æ°á»£c cáº­p nháº­t video má»›i nháº¥t, hay nháº¥t trÃªn kÃªnh cÃ¡c báº¡n nhÃ©! ChÃºc cÃ¡c báº¡n cÃ³ nhá»¯ng giÃ¢y phÃºt thÆ° giÃ£n!.
â–Bá»‘ GiÃ  khuyáº¿n nghá»‹ khÃ´ng reup dÆ°á»›i má»i hÃ¬nh thá»©c. Xin chÃ¢n thÃ nh cáº£m Æ¡n!
â– Email há»£p tÃ¡c, vÃ  gá»­i truyá»‡n: quocsearufantasy51@gmail.com

ChÃºc quÃ½ vá»‹ khÃ¡n thÃ­nh giáº£ sá»©c khá»e vÃ  háº¡nh phÃºc!
#bogia #thegioitoancanh #chuyendong24h",0:26:18,People & Blogs,https://www.youtube.com/watch?v=bdYa77XnKj8,https://i.ytimg.com/vi/bdYa77XnKj8/hqdefault.jpg
"Hidding trá»Ÿ thÃ nh Noob giÃ u VL vá»›i Dragon, Gravity, Leopard, Yeti, Gas, Kitsune, T-Rex vÄ©nh viá»…n.",9Kc03-Ave_E,164287,3671,925,2025-05-09T12:00:27Z,Hidding,"- GhÃ© mua Ä‘á»“ chÆ¡i siÃªu xá»‹n nÃ¨ : https://tinyurl.com/288ojpcc
- Anh em cÃ³ thá»ƒ á»§ng há»™ mÃ¬nh táº¡i : https://playerduo.net/hiddingg
- Tham gia lÃ m há»™i viÃªn cá»§a kÃªnh nÃ y Ä‘á»ƒ Ä‘Æ°á»£c hÆ°á»Ÿng Ä‘áº·c quyá»n:
https://www.youtube.com/channel/UCjhA0sCG8WH8AWJadvH1u8g/join
- CÃ¡m Æ¡n má»i ngÆ°á»i Ä‘Ã£ xem video nháº£m nhÃ­ cá»§a mÃ¬nh, chÃºc má»i ngÆ°á»i cÃ³ má»™t ngÃ y tá»‘t lÃ nh nhÃ© :) .
- Ão siÃªu Ä‘áº¹p siÃªu ráº» : https://www.roblox.com/catalog/15509957838/Best-Swordsman-Clan
-------------------------------------------
- Discord : https://discord.gg/SE2m544wCv
- NhÃ³m Facebook : https://www.facebook.com/groups/hiddingfake
- Tiktok : https://www.tiktok.com/@hidding110299
- Mail : hidding110299@gmail.com
-------------------------------------------",0:16:04,Gaming,https://www.youtube.com/watch?v=9Kc03-Ave_E,https://i.ytimg.com/vi/9Kc03-Ave_E/hqdefault.jpg
REVIEW PHIM LÃNH Má»¸ Báº®T CÃ“C CÆ¯á» NG Bá»¨C Táº¬P THá»‚ CÃ” GÃI BÃŒNH Äá»ŠNH || SAKURA REVIEW,B740DW4s3yE,106769,1188,94,2025-05-09T11:58:51Z,SAKURA REVIEW,"ChÃ o má»«ng cÃ¡c báº¡n Ä‘áº¿n vá»›i kÃªnh SAKURA REVIEW.
REVIEW PHIM LÃNH Má»¸ Báº®T CÃ“C CÆ¯á» NG Bá»¨C Táº¬P THá»‚ CÃ” GÃI BÃŒNH Äá»ŠNH || SAKURA REVIEW
TÃªn Phim: Náº¡n NhÃ¢n Cá»§a Chiáº¿n Tranh - Casualties of War (1989)
Trong Chiáº¿n tranh Viá»‡t Nam, má»™t ngÆ°á»i lÃ­nh tháº¥y mÃ¬nh lÃ  ngÆ°á»i ngoÃ i cuá»™c trong Ä‘á»™i cá»§a chÃ­nh mÃ¬nh khi há» báº¯t cÃ³c má»™t ná»¯ dÃ¢n lÃ ng má»™t cÃ¡ch khÃ´ng cáº§n thiáº¿t.
CONTACT.
Báº£n quyá»n: sakura.entertainmentcompany@gmail.com
ÄÄƒng kÃ½ theo dÃµi
Facebook: https://www.facebook.com/SakuraReviewPhim
====================================
Â© Báº£n quyá»n thuá»™c vá» Sakura Entertainment, vui lÃ²ng khÃ´ng reup dÆ°á»›i má»i hÃ¬nh thá»©c.
Â© All Rights Reserved on Sakura Entertainment Channel, Do Not Reup.
â–ºCÃ¡m Æ¡n cÃ¡c báº¡n Ä‘Ã£ theo dÃµi vÃ  Ä‘Äƒng kÃ½ kÃªnh Sakura Entertainment!",0:17:34,Film & Animation,https://www.youtube.com/watch?v=B740DW4s3yE,https://i.ytimg.com/vi/B740DW4s3yE/hqdefault.jpg
LMC GAMER ÄÃƒ CÄ‚NG KHI Báº¢O MASTER XIN Lá»–I #xuhuong #nghilecungff,tKhBABNdLxw,104553,4067,88,2025-05-09T10:12:59Z,Jeeker Play,"LMC GAMER ÄÃƒ CÄ‚NG KHI Báº¢O MASTER XIN Lá»–I #xuhuong #nghilecungff 
_________________________________
Facebook cÃ¡ nhÃ¢n: https://www.facebook.com/toilajee 
Box Tháº§n Äá»“ng VÃ  ThÃ´ng BÃ¡o Quan Trá»ng: https://www.messenger.com/channel/Jeeker97
ChÃ o báº¡n Ä‘Ã£ Ä‘áº¿n vá»›i 1 tháº¿ giá»›i khÃ¡c cá»§a Jeeker - nÆ¡i nháº¡t nháº½o biáº¿n thÃ nh táº¥u hÃ i. Náº¿u cÃ¡c báº¡n tháº¥y clip thÃº vá»‹ Ä‘á»«ng quÃªn Like, Share vÃ  Subscribe kÃªnh Ä‘á»ƒ á»§ng há»™ mÃ¬nh cÅ©ng nhÆ° Ä‘Ã³n xem nhá»¯ng video má»›i nháº¥t tá»« kÃªnh nhÃ© !!
_________________________________
 HÃ£y giÃºp mÃ¬nh Ä‘áº¡t 2.000.000 LÆ°á»£t Subscribe nhÃ© má»i ngÆ°á»i .
 If any producer or label has an issue with any of the uploads please get in contact ( booking.jeeker@gmail.com ) and it will be deleted immediately (this includes artists of the images used). Thank You!
_________________________________
â— Náº¿u cÃ³ báº¥t cá»© tháº¯c máº¯c, khiáº¿u náº¡i nÃ o vá» báº£n quyá»n hÃ¬nh áº£nh cÅ©ng nhÆ° Ã¢m nháº¡c cÃ³ trong video, mong chá»§ sá»Ÿ há»¯u liÃªn há»‡ trá»±c tiáº¿p vá»›i tÃ´i qua Ä‘á»‹a chá»‰ G-mail booking.jeeker@gmail.com Xin cáº£m Æ¡n!
_________________________________
Â© Báº£n quyá»n thuá»™c vá» Jeeker Play
Â© Copyright by Jeeker Play  â˜ Do not Reup",0:00:54,Gaming,https://www.youtube.com/watch?v=tKhBABNdLxw,https://i.ytimg.com/vi/tKhBABNdLxw/hqdefault.jpg
Cuá»™c trao Ä‘á»•i ngáº¯n giá»¯a Ã´ng Putin vÃ  Ã´ng Táº­p Cáº­n BÃ¬nh trÃªn khÃ¡n Ä‘Ã i giá»¯a Quáº£ng trÆ°á»ng Äá»,MZYRZgkzWzA,191893,571,2,2025-05-09T09:24:33Z,Truyá»n HÃ¬nh HÃ  Nam,"#leduyetbinh #ngaychienthang #putin #tapcanbinh
Truyá»n HÃ¬nh HÃ  Nam | Trong khoáº£nh kháº¯c trang trá»ng cá»§a lá»… duyá»‡t binh táº¡i Quáº£ng trÆ°á»ng Äá», Tá»•ng thá»‘ng Nga Vladimir Putin vÃ  Tá»•ng BÃ­ thÆ°, Chá»§ tá»‹ch Trung Quá»‘c Táº­p Cáº­n BÃ¬nh Ä‘Ã£ cÃ³ má»™t cuá»™c trao Ä‘á»•i ngáº¯n trÃªn khÃ¡n Ä‘Ã i danh dá»±. Giá»¯a tiáº¿ng nháº¡c hÃ¹ng trÃ¡ng vÃ  hÃ ng Ä‘á»™i hÃ¬nh diá»…u binh chá»‰nh tá», hai nhÃ  lÃ£nh Ä‘áº¡o trao Ä‘á»•i Ã¡nh nhÃ¬n thÃ¢n máº­t vÃ  nhá»¯ng cÃ¢u nÃ³i ngáº¯n gá»n, thá»ƒ hiá»‡n sá»± gáº¯n káº¿t vÃ  phá»‘i há»£p cháº·t cháº½ giá»¯a hai cÆ°á»ng quá»‘c trong bá»‘i cáº£nh Ä‘á»‹a chÃ­nh trá»‹ Ä‘ang thay Ä‘á»•i nhanh chÃ³ng.

HÃ  Nam TV lÃ  kÃªnh Youtube chÃ­nh thá»©c cá»§a BÃ¡o HÃ  Nam. Cáº­p nháº­t nhá»¯ng thÃ´ng tin chÃ­nh thá»‘ng, ná»™i dung tin tá»©c, chÃ­nh trá»‹, kinh táº¿, quá»‘c táº¿, tháº¿ giá»›i, phÃ¡p luáº­t,tin quá»‘c táº¿,dá»± bÃ¡o thá»i tiáº¿t,toÃ n cáº£nh quá»‘c táº¿,thá»i sá»± quá»‘c táº¿,thá»i sá»± tháº¿ giá»›i,toÃ n cáº£nh tháº¿ giá»›i,báº£n tin quá»‘c táº¿,tin tá»©c má»›i,tin má»›i,thá»i sá»± quá»‘c táº¿,tin tá»©c 24h má»›i nháº¥t, ,tin nÃ³ng, cÃ¡c tin tá»©c cáº­p nháº­t,â€¦ cÃ¹ng cÃ¡c phÃ¢n tÃ­ch, bÃ¬nh luáº­n cá»§a cÃ¡c chuyÃªn gia, há»c giáº£ trong nÆ°á»›c vÃ  quá»‘c táº¿ vÃ  cÃ¡c chÆ°Æ¡ng trÃ¬nh Ä‘Ã£ phÃ¡t sÃ³ng trÃªn kÃªnh HÃ  Nam TV cá»§a BÃ¡o HÃ  Nam.

Thá»i sá»± quá»‘c táº¿ má»›i nháº¥t:
https://www.youtube.com/playlist?list=PLOJjJUFBrj1SemeoTmRMbh1_mC2LeHmQg
Tin nÃ³ng quá»‘c táº¿ hÃ´m nay:
https://www.youtube.com/playlist?list=PLOJjJUFBrj1T1n56iANb_jSrbGdvRJjNx

Cáº£m Æ¡n cÃ¡c báº¡n Ä‘Ã£ xem video! HÃ£y Ä‘Äƒng kÃ½ kÃªnh Ä‘á»ƒ cáº­p nháº­t thÃ´ng tin má»›i há»¯u Ã­ch nháº¥t!
------
â˜… ÄÄƒng kÃ½ kÃªnh vÃ  báº¥m chuÃ´ng theo dÃµi nhá»¯ng tin tá»©c má»›i nháº¥t tá»« HÃ  Nam TV:
ÄÄƒng kÃ­ ngay ğŸ‘‰ https://bit.ly/hanamtv
Click for subcribe ğŸ‘‰ https://bit.ly/hanamtv
------
Theo dÃµi HÃ  Nam TV táº¡i:
â˜… Website: hanamtv.vn
â˜… Fanpage Facebook: facebook.com/PTTHHANAM
-----
Â© Báº£n quyá»n thuá»™c vá» BÃ¡o HÃ  Nam
Â© Copyright by HÃ  Nam TV. Do not Reup
#hanamtv #tintucquocte #thoisuquocte #tintuctrongnuoc #tinnong #hanam",0:00:09,News & Politics,https://www.youtube.com/watch?v=MZYRZgkzWzA,https://i.ytimg.com/vi/MZYRZgkzWzA/hqdefault.jpg
Má»™t Ä‘Ã²n lÃ  Ä‘á»§ [BEN EAGLE] #beneagle #kungfu #martialarts #fighting #action #entertainment,JQ0bSR-wimk,163453,4072,23,2025-05-09T09:00:27Z,BEN EAGLE,"MÃ¬nh lÃ  ngÆ°á»i Viá»‡t Nam.
Cáº£m Æ¡n cÃ¡c báº¡n Ä‘Ã£ á»§ng há»™ kÃªnh cá»§a mÃ¬nh nha.
HÃ£y ÄÄ‚NG KÃ kÃªnh Ä‘á»ƒ xem nhá»¯ng video má»›i má»—i ngÃ y nhÃ©.
HÃ£y THáº¢ TIM + CHIA Sáºº + BÃŒNH LUáº¬N náº¿u báº¡n tháº¥y hay nhÃ©.
ChÃºc táº¥t cáº£ cÃ¡c báº¡n cÃ³ nhá»¯ng giÃ¢y phÃºt thÆ° giÃ£n vÃ  giáº£i trÃ­ tuyá»‡t vá»i.
YÃªu máº¿n táº¥t cáº£ cÃ¡c báº¡n!!!
â€”â€”â€”â€”â€”â€”â€”â€”â€”â€”â€”â€”
I am Vietnamese.
Thank you for supporting my channel.
Please SUBSCRIBE to watch new videos every day.
Please LIKE + SHARE + COMMENT if you find it interesting.
Wish you all have great moments of relaxation and entertainment.
Love you all!!!
___BEN EAGLE___
#beneagle #eaglesacademy #masterbeneagle #vothuatdienanh #vothuat #hanhdong #tuve #masterkungfu #haihuoc #tuvethucchien #dienxuat #action #funny #shortfilm #actionfilm #kungfu #selfdefence #fighting #combat #martialarts #trending #shorts #heroic #superhero #cookman #kingofkungfu #comedy #acting #actionactor #actiondirector #actionmovie",0:00:26,Entertainment,https://www.youtube.com/watch?v=JQ0bSR-wimk,https://i.ytimg.com/vi/JQ0bSR-wimk/hqdefault.jpg
